industry,environment_grade,environment_level,social_grade,social_level,governance_grade,governance_level,environment_score,social_score,governance_score,total_score,total_grade,total_level
30,0,1,3,3,1,2,510,316,321,1147,3,0
3,0,1,3,3,0,2,510,303,255,1068,3,0
43,2,2,3,3,0,2,255,385,240,880,2,1
13,0,1,2,3,1,2,570,298,303,1171,3,0
30,4,1,3,3,0,2,492,310,250,1052,3,0
21,0,1,3,3,1,2,547,318,313,1178,3,0
13,0,1,3,3,1,2,560,350,345,1255,0,0
15,2,2,2,3,0,2,203,200,205,608,1,1
1,2,2,2,3,0,2,270,211,265,746,1,1
24,2,2,2,3,1,2,220,221,300,741,1,1
11,3,2,2,3,0,2,311,256,218,785,2,1
8,0,1,3,3,0,2,500,300,223,1023,3,0
39,3,2,2,3,0,2,355,281,255,891,2,1
16,4,1,2,3,0,2,410,286,240,936,3,0
27,0,1,2,3,0,2,520,243,237,1000,3,0
7,2,2,2,3,0,2,205,200,200,605,1,1
6,2,2,2,3,0,2,200,201,203,604,1,1
6,2,2,3,3,1,2,205,306,310,821,2,1
21,0,1,0,1,2,0,505,570,400,1475,0,0
6,2,2,2,3,0,2,200,222,290,712,1,1
20,0,1,3,3,1,2,500,324,305,1129,3,0
6,2,2,2,3,0,2,205,201,200,606,1,1
26,2,2,2,3,0,2,205,224,230,659,1,1
4,2,2,3,3,1,2,298,300,300,898,2,1
6,2,2,2,3,1,2,203,204,338,745,1,1
6,2,2,2,3,0,2,220,212,205,637,1,1
6,2,2,2,3,1,2,230,230,305,765,2,1
7,2,2,2,3,1,2,200,205,300,705,1,1
20,2,2,2,3,0,2,255,254,235,744,1,1
6,2,2,2,3,1,2,215,211,305,731,1,1
26,0,1,3,3,1,2,540,354,345,1239,0,0
4,2,2,3,3,0,2,290,300,250,840,2,1
7,2,2,2,3,0,2,225,211,215,651,1,1
6,2,2,2,3,0,2,230,288,285,803,2,1
20,3,2,2,3,0,2,330,231,220,781,2,1
39,0,1,3,3,1,2,500,327,300,1127,3,0
38,0,1,3,3,0,2,515,306,260,1081,3,0
6,2,2,2,3,1,2,250,296,305,851,2,1
6,2,2,2,3,1,2,215,222,305,742,1,1
38,4,1,2,3,1,2,410,232,325,967,3,0
6,2,2,3,3,1,2,230,307,310,847,2,1
4,2,2,2,3,0,2,220,219,215,654,1,1
33,2,2,2,3,0,2,230,207,220,657,1,1
33,2,2,2,3,1,2,200,237,300,737,1,1
18,0,1,3,3,1,2,540,328,315,1183,3,0
18,2,2,2,3,0,2,200,200,275,675,1,1
10,2,2,2,3,1,2,235,262,315,812,2,1
6,2,2,3,3,1,2,295,301,305,901,3,0
6,2,2,3,3,1,2,235,301,305,841,2,1
39,2,2,2,3,0,2,200,221,200,621,1,1
6,3,2,2,3,1,2,365,283,305,953,3,0
6,2,2,2,3,1,2,240,264,320,824,2,1
9,2,2,2,3,1,2,205,201,300,706,1,1
38,3,2,3,3,1,2,350,318,300,968,3,0
33,2,2,2,3,1,2,200,203,300,703,1,1
33,2,2,2,3,0,2,285,204,215,704,1,1
33,2,2,2,3,1,2,223,291,310,824,2,1
7,2,2,3,3,1,2,215,301,300,816,2,1
20,2,2,2,3,0,2,210,215,218,643,1,1
24,0,1,3,3,1,2,500,300,300,1100,3,0
26,2,2,3,3,0,2,260,348,260,868,2,1
39,0,1,3,3,1,2,555,304,310,1169,3,0
39,0,1,3,3,0,2,500,300,200,1000,3,0
6,2,2,2,3,1,2,210,224,305,739,1,1
30,0,1,2,3,1,2,515,269,328,1112,3,0
6,2,2,3,3,0,2,262,321,235,818,2,1
38,2,2,2,3,1,2,290,262,300,852,2,1
8,2,2,2,3,1,2,238,237,325,800,2,1
35,0,1,2,3,0,2,520,207,210,937,3,0
16,0,1,3,3,1,2,500,300,300,1100,3,0
44,0,1,3,3,1,2,500,300,300,1100,3,0
20,2,2,2,3,1,2,200,262,315,777,2,1
21,2,2,2,3,0,2,200,200,200,600,1,1
39,2,2,3,3,1,2,235,301,308,844,2,1
33,0,1,2,3,1,2,500,264,310,1074,3,0
16,2,2,2,3,1,2,235,234,300,769,2,1
7,2,2,2,3,0,2,200,200,200,600,1,1
6,3,2,3,3,1,2,368,304,310,982,3,0
35,2,2,2,3,0,2,255,204,226,685,1,1
4,2,2,2,3,0,2,200,207,200,607,1,1
39,2,2,3,3,1,2,225,335,335,895,2,1
20,2,2,2,3,0,2,205,211,235,651,1,1
6,2,2,2,3,1,2,290,245,300,835,2,1
15,2,2,2,3,0,2,290,203,205,698,1,1
9,0,1,3,3,0,2,500,301,275,1076,3,0
28,0,1,3,3,1,2,540,361,305,1206,0,0
39,3,2,2,3,1,2,340,299,305,944,3,0
18,2,2,2,3,0,2,205,204,210,619,1,1
6,0,1,3,3,1,2,520,303,325,1148,3,0
6,2,2,2,3,0,2,205,223,200,628,1,1
35,3,2,2,3,1,2,382,242,305,929,3,0
19,0,1,2,3,1,2,510,248,305,1063,3,0
33,2,2,2,3,0,2,240,203,260,703,1,1
39,0,1,3,3,1,2,500,303,300,1103,3,0
6,2,2,3,3,1,2,235,323,305,863,2,1
20,2,2,2,3,0,2,210,211,235,656,1,1
20,2,2,2,3,1,2,210,228,325,763,2,1
7,2,2,2,3,1,2,215,227,300,742,1,1
11,0,1,3,3,1,2,510,308,300,1118,3,0
16,2,2,2,3,0,2,250,203,220,673,1,1
6,2,2,2,3,0,2,200,235,205,640,1,1
7,2,2,2,3,0,2,200,205,230,635,1,1
39,0,1,2,3,1,2,500,286,300,1086,3,0
6,2,2,2,3,1,2,250,246,305,801,2,1
27,2,2,2,3,1,2,234,210,325,769,2,1
28,0,1,3,3,1,2,525,315,305,1145,3,0
6,2,2,2,3,0,2,200,218,215,633,1,1
16,0,1,3,3,1,2,500,300,330,1130,3,0
20,2,2,2,3,0,2,210,201,205,616,1,1
39,0,1,3,3,1,2,515,341,305,1161,3,0
20,4,1,3,3,1,2,455,347,300,1102,3,0
6,2,2,2,3,0,2,205,221,295,721,1,1
16,2,2,3,3,2,0,222,302,428,952,3,0
33,2,2,2,3,1,2,225,216,305,746,1,1
6,0,1,3,3,1,2,500,300,310,1110,3,0
26,0,1,3,3,0,2,512,303,215,1030,3,0
19,0,1,3,3,1,2,500,300,300,1100,3,0
6,2,2,2,3,0,2,231,261,235,727,1,1
6,2,2,2,3,1,2,240,277,300,817,2,1
38,0,1,3,3,0,2,542,314,250,1106,3,0
39,2,2,2,3,1,2,225,260,315,800,2,1
20,2,2,2,3,0,2,235,285,255,775,2,1
6,2,2,2,3,0,2,210,222,235,667,1,1
7,2,2,3,3,0,2,210,302,256,768,2,1
6,4,1,3,3,1,2,415,302,333,1050,3,0
33,2,2,2,3,0,2,220,228,243,691,1,1
1,2,2,2,3,0,2,287,208,248,743,1,1
20,2,2,2,3,1,2,220,250,300,770,2,1
39,2,2,3,3,0,2,280,305,260,845,2,1
6,3,2,3,3,1,2,331,346,325,1002,3,0
39,0,1,3,3,1,2,508,324,310,1142,3,0
6,0,1,3,3,1,2,535,324,305,1164,3,0
38,0,1,3,3,1,2,525,317,300,1142,3,0
38,2,2,2,3,0,2,200,208,200,608,1,1
30,2,2,3,3,1,2,280,347,330,957,3,0
38,2,2,2,3,0,2,210,212,200,622,1,1
39,0,1,3,3,0,2,580,337,285,1202,0,0
36,1,0,3,3,2,0,668,305,460,1433,0,0
18,2,2,2,3,0,2,220,203,200,623,1,1
17,0,1,3,3,1,2,510,316,325,1151,3,0
6,3,2,3,3,1,2,380,303,364,1047,3,0
21,0,1,3,3,1,2,558,306,310,1174,3,0
39,0,1,3,3,0,2,500,308,295,1103,3,0
16,2,2,2,3,0,2,225,209,200,634,1,1
27,0,1,3,3,1,2,575,330,338,1243,0,0
24,2,2,2,3,0,2,235,275,250,760,2,1
30,0,1,3,3,1,2,500,300,300,1100,3,0
30,0,1,3,3,1,2,507,343,315,1165,3,0
10,2,2,2,3,0,2,270,204,205,679,1,1
36,0,1,3,3,0,2,537,306,225,1068,3,0
37,0,1,3,3,1,2,510,310,325,1145,3,0
39,1,0,3,3,1,2,605,365,300,1270,0,0
18,3,2,2,3,0,2,375,237,200,812,2,1
11,2,2,2,3,0,2,280,234,220,734,1,1
10,0,1,3,3,1,2,500,300,300,1100,3,0
39,0,1,3,3,1,2,530,305,305,1140,3,0
21,2,2,2,3,0,2,265,228,200,693,1,1
30,2,2,2,3,0,2,210,263,205,678,1,1
36,2,2,2,3,0,2,235,208,215,658,1,1
20,2,2,2,3,0,2,215,236,215,666,1,1
30,3,2,3,3,0,2,360,300,225,885,2,1
44,0,1,3,3,1,2,519,307,300,1126,3,0
17,0,1,2,3,1,2,513,271,300,1084,3,0
36,0,1,3,3,1,2,500,302,305,1107,3,0
14,0,1,3,3,1,2,515,300,305,1120,3,0
30,2,2,3,3,1,2,295,362,355,1012,3,0
21,2,2,2,3,0,2,215,200,215,630,1,1
38,0,1,3,3,1,2,500,300,300,1100,3,0
38,0,1,3,3,1,2,510,325,315,1150,3,0
19,0,1,3,3,1,2,520,307,300,1127,3,0
30,2,2,2,3,0,2,205,232,215,652,1,1
18,2,2,2,3,0,2,230,213,210,653,1,1
5,0,1,3,3,1,2,515,344,300,1159,3,0
6,0,1,3,3,1,2,500,300,300,1100,3,0
30,2,2,3,3,1,2,245,389,311,945,3,0
38,3,2,2,3,0,2,330,287,235,852,2,1
39,1,0,4,1,1,2,715,443,375,1533,0,0
38,0,1,3,3,1,2,530,330,300,1160,3,0
18,0,1,3,3,1,2,505,310,300,1115,3,0
39,0,1,3,3,1,2,505,315,305,1125,3,0
18,2,2,2,3,0,2,250,226,225,701,1,1
13,0,1,3,3,1,2,525,303,315,1143,3,0
38,3,2,3,3,0,2,323,301,275,899,2,1
6,2,2,2,3,1,2,200,273,300,773,2,1
30,0,1,3,3,1,2,509,300,300,1109,3,0
37,4,1,4,1,0,2,467,423,280,1170,3,0
28,0,1,3,3,1,2,568,343,305,1216,0,0
38,0,1,3,3,1,2,505,329,305,1139,3,0
36,0,1,3,3,1,2,500,300,300,1100,3,0
39,0,1,3,3,0,2,500,300,200,1000,3,0
24,0,1,3,3,1,2,555,320,300,1175,3,0
36,3,2,3,3,1,2,375,325,300,1000,3,0
35,2,2,2,3,0,2,250,251,215,716,1,1
38,4,1,3,3,1,2,409,300,300,1009,3,0
14,0,1,3,3,1,2,525,306,313,1144,3,0
5,1,0,3,3,1,2,719,340,358,1417,0,0
21,4,1,3,3,0,2,475,385,295,1155,3,0
35,0,1,3,3,1,2,575,372,365,1312,0,0
38,0,1,3,3,1,2,535,310,305,1150,3,0
39,0,1,3,3,1,2,550,302,308,1160,3,0
21,3,2,3,3,0,2,371,300,220,891,2,1
39,3,2,2,3,0,2,370,244,285,899,2,1
6,0,1,3,3,1,2,505,327,305,1137,3,0
6,0,1,3,3,1,2,575,312,328,1215,0,0
39,0,1,3,3,1,2,525,316,315,1156,3,0
39,0,1,3,3,1,2,540,355,300,1195,3,0
26,0,1,2,3,1,2,510,268,300,1078,3,0
38,0,1,3,3,1,2,507,328,315,1150,3,0
38,0,1,3,3,0,2,515,303,270,1088,3,0
16,0,1,4,1,1,2,550,415,315,1280,0,0
18,0,1,3,3,1,2,510,325,310,1145,3,0
30,2,2,3,3,1,2,225,307,310,842,2,1
3,0,1,5,2,0,2,555,160,278,993,3,0
36,0,1,3,3,0,2,500,300,200,1000,3,0
38,0,1,3,3,1,2,500,300,300,1100,3,0
40,3,2,3,3,0,2,342,331,230,903,3,0
1,2,2,2,3,0,2,205,203,221,629,1,1
34,1,0,3,3,1,2,615,366,300,1281,0,0
36,2,2,2,3,0,2,205,242,200,647,1,1
6,0,1,3,3,1,2,500,300,300,1100,3,0
33,0,1,3,3,0,2,500,300,200,1000,3,0
39,0,1,3,3,1,2,548,354,325,1227,0,0
36,0,1,3,3,1,2,515,325,300,1140,3,0
39,0,1,3,3,1,2,545,359,325,1229,0,0
44,2,2,2,3,0,2,223,201,205,629,1,1
20,0,1,3,3,1,2,530,318,305,1153,3,0
16,3,2,3,3,1,2,320,317,300,937,3,0
36,2,2,2,3,0,2,264,261,210,735,1,1
4,2,2,2,3,0,2,200,200,200,600,1,1
21,2,2,2,3,0,2,225,201,200,626,1,1
26,0,1,2,3,0,2,573,231,233,1037,3,0
6,0,1,3,3,1,2,505,317,300,1122,3,0
20,0,1,3,3,1,2,505,300,315,1120,3,0
19,0,1,3,3,1,2,587,353,305,1245,0,0
20,0,1,3,3,1,2,515,305,305,1125,3,0
44,0,1,3,3,1,2,562,345,300,1207,0,0
44,0,1,3,3,1,2,525,326,370,1221,0,0
24,4,1,3,3,0,2,454,300,235,989,3,0
39,0,1,3,3,1,2,515,360,305,1180,3,0
24,0,1,3,3,1,2,530,344,310,1184,3,0
24,4,1,3,3,1,2,438,316,300,1054,3,0
1,0,1,3,3,0,2,515,303,259,1077,3,0
9,0,1,3,3,1,2,545,322,315,1182,3,0
24,0,1,3,3,1,2,518,323,310,1151,3,0
24,0,1,3,3,0,2,530,300,220,1050,3,0
8,0,1,3,3,1,2,542,322,315,1179,3,0
18,3,2,3,3,0,2,396,308,267,971,3,0
16,0,1,3,3,0,2,540,329,270,1139,3,0
35,0,1,3,3,1,2,530,333,305,1168,3,0
8,0,1,3,3,1,2,510,315,310,1135,3,0
9,1,0,4,1,1,2,700,442,300,1442,0,0
24,4,1,3,3,0,2,485,304,288,1077,3,0
11,4,1,3,3,0,2,444,310,295,1049,3,0
16,0,1,3,3,2,0,512,303,475,1290,0,0
44,0,1,3,3,1,2,572,368,315,1255,0,0
44,1,0,3,3,1,2,653,395,300,1348,0,0
35,1,0,3,3,1,2,600,337,345,1282,0,0
2,0,1,3,3,1,2,555,339,310,1204,0,0
35,0,1,3,3,0,2,500,300,298,1098,3,0
32,0,1,3,3,1,2,535,347,325,1207,0,0
0,2,2,2,3,0,2,220,224,235,679,1,1
4,2,2,3,3,0,2,220,394,265,879,2,1
20,0,1,3,3,1,2,500,316,300,1116,3,0
36,0,1,3,3,1,2,525,303,300,1128,3,0
20,1,0,3,3,1,2,607,384,315,1306,0,0
26,2,2,2,3,1,2,275,227,300,802,2,1
36,4,1,2,3,1,2,430,231,300,961,3,0
18,0,1,3,3,1,2,500,300,300,1100,3,0
18,2,2,2,3,0,2,230,226,208,664,1,1
39,0,1,3,3,1,2,550,313,325,1188,3,0
33,0,1,3,3,1,2,500,321,310,1131,3,0
24,4,1,3,3,1,2,405,320,300,1025,3,0
36,2,2,2,3,0,2,260,222,213,695,1,1
20,0,1,3,3,1,2,525,399,300,1224,0,0
18,0,1,3,3,1,2,534,343,320,1197,3,0
35,0,1,3,3,1,2,532,339,305,1176,3,0
4,0,1,3,3,1,2,510,340,300,1150,3,0
4,0,1,3,3,1,2,515,300,303,1118,3,0
28,2,2,2,3,0,2,235,239,235,709,1,1
8,2,2,2,3,0,2,210,258,226,694,1,1
35,2,2,2,3,0,2,200,209,200,609,1,1
35,0,1,3,3,0,2,500,300,200,1000,3,0
39,0,1,3,3,1,2,530,379,320,1229,0,0
4,2,2,3,3,0,2,280,300,230,810,2,1
13,2,2,2,3,0,2,250,271,205,726,1,1
28,0,1,3,3,1,2,500,320,305,1125,3,0
21,0,1,3,3,1,2,515,309,300,1124,3,0
9,0,1,3,3,1,2,500,319,300,1119,3,0
36,2,2,2,3,0,2,247,222,200,669,1,1
21,2,2,2,3,0,2,210,241,213,664,1,1
20,2,2,3,3,0,2,230,300,205,735,1,1
21,0,1,3,3,1,2,515,326,320,1161,3,0
13,0,1,3,3,1,2,578,341,348,1267,0,0
9,2,2,2,3,0,2,225,201,200,626,1,1
18,3,2,3,3,1,2,335,321,313,969,3,0
44,1,0,3,3,1,2,604,362,328,1294,0,0
35,0,1,3,3,1,2,540,313,300,1153,3,0
9,0,1,3,3,1,2,525,307,310,1142,3,0
17,0,1,3,3,1,2,570,301,300,1171,3,0
9,0,1,3,3,1,2,547,373,325,1245,0,0
36,2,2,3,3,0,2,230,317,205,752,2,1
44,0,1,3,3,0,2,592,313,210,1115,3,0
44,1,0,0,1,1,2,700,513,315,1528,0,0
16,2,2,2,3,0,2,200,200,200,600,1,1
20,2,2,3,3,1,2,260,332,300,892,2,1
39,0,1,3,3,0,2,545,339,260,1144,3,0
18,0,1,3,3,1,2,525,305,305,1135,3,0
39,0,1,3,3,1,2,505,326,305,1136,3,0
16,0,1,3,3,1,2,520,328,320,1168,3,0
44,1,0,3,3,1,2,700,358,300,1358,0,0
19,0,1,3,3,1,2,525,361,300,1186,3,0
33,0,1,3,3,1,2,565,308,300,1173,3,0
4,0,1,3,3,1,2,505,319,338,1162,3,0
5,2,2,2,3,0,2,200,201,200,601,1,1
36,2,2,2,3,1,2,251,237,300,788,2,1
34,0,1,3,3,1,2,500,300,300,1100,3,0
13,0,1,3,3,1,2,500,300,300,1100,3,0
21,0,1,3,3,1,2,505,326,305,1136,3,0
9,2,2,2,3,0,2,210,240,275,725,1,1
40,0,1,3,3,1,2,535,327,305,1167,3,0
9,0,1,3,3,1,2,587,352,330,1269,0,0
18,0,1,3,3,0,2,515,308,235,1058,3,0
20,0,1,3,3,1,2,500,303,310,1113,3,0
8,0,1,3,3,1,2,522,323,305,1150,3,0
36,2,2,2,3,0,2,218,200,200,618,1,1
20,0,1,3,3,1,2,515,308,315,1138,3,0
19,0,1,3,3,1,2,500,300,300,1100,3,0
24,0,1,3,3,1,2,517,305,305,1127,3,0
21,0,1,3,3,0,2,500,300,200,1000,3,0
24,0,1,3,3,1,2,500,300,300,1100,3,0
42,0,1,3,3,1,2,500,327,341,1168,3,0
2,2,2,2,3,0,2,260,206,230,696,1,1
33,0,1,3,3,1,2,500,305,315,1120,3,0
17,0,1,3,3,1,2,530,313,305,1148,3,0
17,1,0,3,3,1,2,700,366,315,1381,0,0
18,0,1,3,3,1,2,555,303,320,1178,3,0
4,0,1,3,3,0,2,500,303,260,1063,3,0
26,0,1,3,3,0,2,505,300,240,1045,3,0
11,0,1,3,3,1,2,505,305,347,1157,3,0
44,1,0,3,3,1,2,668,306,313,1287,0,0
18,0,1,3,3,1,2,580,347,335,1262,0,0
21,4,1,3,3,1,2,495,306,300,1101,3,0
44,3,2,3,3,0,2,361,322,223,906,3,0
0,0,1,3,3,1,2,505,302,300,1107,3,0
39,0,1,3,3,1,2,550,374,350,1274,0,0
31,3,2,3,3,0,2,374,340,225,939,3,0
34,0,1,3,3,1,2,500,310,300,1110,3,0
37,3,2,3,3,1,2,358,339,330,1027,3,0
13,2,2,2,3,0,2,265,206,205,676,1,1
24,3,2,3,3,0,2,350,355,270,975,3,0
33,0,1,3,3,1,2,500,300,300,1100,3,0
13,2,2,2,3,0,2,215,203,240,658,1,1
28,3,2,3,3,0,2,325,303,225,853,2,1
26,0,1,3,3,1,2,515,316,325,1156,3,0
35,0,1,3,3,1,2,579,374,315,1268,0,0
9,2,2,2,3,0,2,293,236,220,749,1,1
35,2,2,2,3,0,2,235,245,205,685,1,1
4,4,1,3,3,1,2,455,323,300,1078,3,0
42,0,1,3,3,1,2,520,327,315,1162,3,0
32,0,1,3,3,1,2,500,303,300,1103,3,0
17,0,1,3,3,1,2,569,363,310,1242,0,0
24,2,2,3,3,0,2,285,300,288,873,2,1
28,4,1,3,3,1,2,433,330,315,1078,3,0
44,1,0,4,1,1,2,629,479,300,1408,0,0
44,0,1,3,3,1,2,525,306,300,1131,3,0
12,0,1,3,3,1,2,540,382,310,1232,0,0
18,0,1,3,3,1,2,505,309,305,1119,3,0
4,4,1,3,3,1,2,490,304,305,1099,3,0
21,0,1,3,3,1,2,503,327,310,1140,3,0
41,4,1,3,3,1,2,420,352,303,1075,3,0
41,4,1,3,3,1,2,418,319,315,1052,3,0
34,2,2,3,3,1,2,255,334,310,899,2,1
17,1,0,4,1,1,2,700,412,300,1412,0,0
10,0,1,3,3,1,2,500,300,305,1105,3,0
20,3,2,3,3,1,2,330,312,300,942,3,0
18,0,1,3,3,1,2,515,300,300,1115,3,0
16,3,2,2,3,0,2,308,243,210,761,2,1
0,0,1,3,3,1,2,500,300,300,1100,3,0
32,0,1,3,3,0,2,555,318,257,1130,3,0
39,0,1,3,3,1,2,570,350,340,1260,0,0
28,0,1,3,3,1,2,555,315,300,1170,3,0
5,4,1,3,3,0,2,459,313,295,1067,3,0
20,4,1,3,3,1,2,485,321,325,1131,3,0
36,0,1,3,3,1,2,555,301,305,1161,3,0
9,2,2,2,3,0,2,295,259,220,774,2,1
18,4,1,3,3,1,2,435,341,310,1086,3,0
20,0,1,3,3,1,2,510,301,305,1116,3,0
18,3,2,3,3,1,2,325,312,310,947,3,0
35,2,2,2,3,0,2,225,247,205,677,1,1
44,1,0,3,3,1,2,700,386,310,1396,0,0
44,0,1,3,3,1,2,515,307,330,1152,3,0
18,2,2,2,3,0,2,225,211,210,646,1,1
28,0,1,3,3,0,2,500,300,261,1061,3,0
0,0,1,3,3,2,0,520,330,400,1250,0,0
24,0,1,3,3,1,2,500,305,305,1110,3,0
16,2,2,2,3,0,2,200,200,200,600,1,1
20,2,2,2,3,0,2,200,200,200,600,1,1
4,4,1,3,3,1,2,480,308,300,1088,3,0
16,0,1,3,3,1,2,500,300,300,1100,3,0
36,0,1,3,3,1,2,550,342,313,1205,0,0
36,0,1,3,3,1,2,500,300,300,1100,3,0
41,4,1,3,3,1,2,483,310,300,1093,3,0
24,0,1,3,3,1,2,500,300,300,1100,3,0
26,0,1,3,3,0,2,527,332,280,1139,3,0
8,1,0,3,3,1,2,700,389,320,1409,0,0
19,0,1,3,3,1,2,530,374,340,1244,0,0
39,4,1,3,3,1,2,400,306,305,1011,3,0
0,0,1,3,3,0,2,500,300,200,1000,3,0
20,0,1,3,3,1,2,500,300,300,1100,3,0
27,0,1,3,3,0,2,540,374,245,1159,3,0
35,2,2,3,3,0,2,225,301,215,741,1,1
20,0,1,3,3,1,2,560,320,338,1218,0,0
9,0,1,3,3,1,2,515,379,315,1209,0,0
4,3,2,3,3,1,2,336,317,300,953,3,0
43,4,1,3,3,1,2,472,318,300,1090,3,0
35,0,1,3,3,1,2,540,326,325,1191,3,0
17,1,0,3,3,1,2,608,307,330,1245,0,0
41,0,1,3,3,1,2,505,301,300,1106,3,0
39,0,1,3,3,1,2,504,368,310,1182,3,0
35,0,1,3,3,1,2,500,300,300,1100,3,0
12,0,1,3,3,1,2,570,319,300,1189,3,0
44,1,0,4,1,1,2,635,438,300,1373,0,0
35,4,1,3,3,1,2,437,326,300,1063,3,0
26,2,2,2,3,0,2,270,292,235,797,2,1
10,1,0,4,1,0,2,613,408,285,1306,0,0
28,1,0,3,3,1,2,607,311,320,1238,0,0
17,0,1,3,3,1,2,500,300,300,1100,3,0
4,0,1,3,3,1,2,500,300,300,1100,3,0
13,0,1,3,3,1,2,500,301,300,1101,3,0
26,0,1,3,3,1,2,540,330,305,1175,3,0
24,3,2,2,3,1,2,360,294,300,954,3,0
36,3,2,2,3,0,2,310,281,220,811,2,1
39,2,2,2,3,0,2,205,205,228,638,1,1
21,0,1,3,3,1,2,500,320,310,1130,3,0
28,3,2,2,3,0,2,374,254,210,838,2,1
35,1,0,3,3,1,2,700,340,300,1340,0,0
32,0,1,3,3,1,2,555,324,305,1184,3,0
17,0,1,3,3,1,2,538,322,313,1173,3,0
20,0,1,3,3,1,2,520,330,310,1160,3,0
33,0,1,3,3,1,2,520,348,310,1178,3,0
28,0,1,3,3,1,2,560,339,305,1204,0,0
9,0,1,3,3,0,2,550,341,295,1186,3,0
44,0,1,3,3,1,2,535,325,310,1170,3,0
20,0,1,3,3,1,2,540,302,315,1157,3,0
1,0,1,3,3,1,2,515,300,313,1128,3,0
39,2,2,2,3,0,2,215,241,200,656,1,1
17,2,2,2,3,0,2,210,217,210,637,1,1
9,1,0,3,3,1,2,610,312,320,1242,0,0
17,0,1,3,3,1,2,555,329,310,1194,3,0
33,4,1,3,3,1,2,483,303,305,1091,3,0
19,0,1,3,3,1,2,515,301,305,1121,3,0
26,0,1,3,3,0,2,510,322,235,1067,3,0
17,1,0,0,1,1,2,687,544,305,1536,0,0
20,0,1,3,3,1,2,500,300,300,1100,3,0
18,0,1,3,3,1,2,508,309,320,1137,3,0
20,0,1,3,3,1,2,548,355,315,1218,0,0
44,0,1,3,3,0,2,550,320,260,1130,3,0
44,4,1,1,0,3,1,450,667,75,1192,3,0
28,0,1,3,3,1,2,510,320,300,1130,3,0
13,0,1,3,3,1,2,520,310,310,1140,3,0
23,0,1,3,3,1,2,526,310,305,1141,3,0
4,2,2,2,3,0,2,230,215,205,650,1,1
19,0,1,3,3,1,2,525,306,300,1131,3,0
20,0,1,3,3,1,2,508,328,310,1146,3,0
20,0,1,3,3,1,2,505,300,315,1120,3,0
39,2,2,2,3,0,2,210,230,215,655,1,1
19,3,2,2,3,1,2,345,256,300,901,3,0
35,3,2,2,3,0,2,315,261,210,786,2,1
12,0,1,3,3,1,2,573,313,300,1186,3,0
1,2,2,3,3,0,2,295,314,218,827,2,1
24,1,0,3,3,1,2,700,300,300,1300,0,0
13,3,2,3,3,0,2,363,344,220,927,3,0
13,0,1,4,1,1,2,560,422,310,1292,0,0
33,0,1,3,3,1,2,515,335,305,1155,3,0
17,0,1,3,3,1,2,505,302,300,1107,3,0
39,0,1,3,3,0,2,500,318,275,1093,3,0
39,4,1,3,3,1,2,470,305,315,1090,3,0
44,0,1,3,3,0,2,500,300,205,1005,3,0
17,0,1,3,3,1,2,581,326,355,1262,0,0
44,3,2,3,3,0,2,371,327,218,916,3,0
24,0,1,3,3,1,2,505,303,313,1121,3,0
30,0,1,3,3,1,2,543,333,305,1181,3,0
39,0,1,3,3,0,2,500,300,200,1000,3,0
35,0,1,3,3,1,2,500,300,300,1100,3,0
21,2,2,2,3,0,2,205,205,200,610,1,1
40,2,2,2,3,1,2,210,200,305,715,1,1
37,2,2,2,3,0,2,290,257,245,792,2,1
31,1,0,3,3,1,2,675,389,355,1419,0,0
27,3,2,2,3,0,2,335,278,255,868,2,1
41,2,2,2,3,0,2,205,275,200,680,1,1
3,2,2,2,3,0,2,292,246,215,753,2,1
0,0,1,3,3,1,2,510,324,320,1154,3,0
10,2,2,2,3,0,2,293,235,216,744,1,1
38,0,1,3,3,1,2,565,316,300,1181,3,0
44,1,0,4,1,1,2,694,403,316,1413,0,0
27,0,1,3,3,1,2,510,302,300,1112,3,0
21,2,2,2,3,1,2,225,242,305,772,2,1
43,2,2,3,3,0,2,230,302,200,732,1,1
11,2,2,2,3,0,2,200,221,215,636,1,1
39,3,2,3,3,1,2,395,302,310,1007,3,0
35,0,1,3,3,1,2,515,323,315,1153,3,0
39,0,1,3,3,1,2,500,306,305,1111,3,0
36,2,2,2,3,0,2,235,241,235,711,1,1
18,3,2,3,3,1,2,321,349,310,980,3,0
35,0,1,3,3,1,2,540,317,300,1157,3,0
26,0,1,3,3,1,2,530,344,385,1259,0,0
34,3,2,3,3,1,2,390,300,305,995,3,0
13,0,1,3,3,1,2,500,300,300,1100,3,0
9,0,1,3,3,1,2,583,365,310,1258,0,0
16,1,0,3,3,1,2,605,323,315,1243,0,0
17,0,1,2,3,0,2,550,252,240,1042,3,0
35,2,2,2,3,0,2,235,208,210,653,1,1
44,0,1,4,1,1,2,576,409,310,1295,0,0
35,3,2,3,3,0,2,377,304,210,891,2,1
4,3,2,3,3,0,2,313,300,215,828,2,1
44,1,0,3,3,1,2,653,380,310,1343,0,0
35,0,1,2,3,0,2,572,289,225,1086,3,0
20,2,2,3,3,1,2,290,333,305,928,3,0
30,2,2,3,3,1,2,295,330,315,940,3,0
31,1,0,3,3,1,2,608,313,305,1226,0,0
44,0,1,3,3,1,2,510,304,300,1114,3,0
39,4,1,3,3,1,2,410,302,300,1012,3,0
39,0,1,2,3,1,2,530,298,310,1138,3,0
4,3,2,3,3,0,2,370,331,288,989,3,0
9,0,1,3,3,1,2,510,307,315,1132,3,0
35,0,1,3,3,1,2,525,302,300,1127,3,0
28,0,1,3,3,1,2,540,326,305,1171,3,0
36,0,1,3,3,1,2,515,349,300,1164,3,0
13,2,2,2,3,0,2,205,242,200,647,1,1
39,0,1,3,3,1,2,500,316,315,1131,3,0
33,0,1,3,3,1,2,510,360,310,1180,3,0
24,0,1,2,3,1,2,505,276,305,1086,3,0
44,0,1,3,3,1,2,555,310,300,1165,3,0
8,0,1,3,3,1,2,510,302,300,1112,3,0
6,0,1,3,3,1,2,500,303,300,1103,3,0
20,0,1,3,3,1,2,515,324,315,1154,3,0
20,2,2,2,3,0,2,210,205,200,615,1,1
23,0,1,3,3,1,2,545,344,308,1197,3,0
35,0,1,3,3,1,2,510,318,318,1146,3,0
0,0,1,3,3,1,2,510,310,300,1120,3,0
25,2,2,3,3,1,2,255,301,300,856,2,1
4,3,2,3,3,1,2,308,300,300,908,3,0
24,2,2,2,3,0,2,215,238,215,668,1,1
14,0,1,2,3,1,2,535,225,305,1065,3,0
16,0,1,3,3,0,2,535,311,250,1096,3,0
39,3,2,3,3,0,2,310,343,265,918,3,0
20,0,1,3,3,1,2,520,348,305,1173,3,0
41,3,2,2,3,1,2,310,223,305,838,2,1
0,0,1,3,3,1,2,545,315,315,1175,3,0
39,2,2,3,3,0,2,230,359,230,819,2,1
17,0,1,3,3,1,2,535,300,305,1140,3,0
21,2,2,2,3,0,2,293,200,205,698,1,1
19,0,1,3,3,1,2,570,322,300,1192,3,0
39,2,2,2,3,0,2,245,211,200,656,1,1
20,4,1,3,3,1,2,462,300,300,1062,3,0
0,0,1,3,3,1,2,525,315,320,1160,3,0
35,0,1,3,3,1,2,535,331,335,1201,0,0
19,0,1,3,3,1,2,585,326,365,1276,0,0
23,0,1,3,3,1,2,533,300,300,1133,3,0
30,0,1,2,3,0,2,500,283,255,1038,3,0
43,4,1,3,3,1,2,477,306,300,1083,3,0
35,2,2,2,3,1,2,230,239,300,769,2,1
34,0,1,3,3,1,2,510,313,310,1133,3,0
25,2,2,2,3,1,2,269,253,305,827,2,1
30,2,2,0,1,0,2,245,515,213,973,3,0
39,3,2,3,3,1,2,325,314,310,949,3,0
0,0,1,3,3,1,2,515,337,300,1152,3,0
13,3,2,2,3,1,2,355,217,325,897,2,1
18,2,2,2,3,0,2,200,205,205,610,1,1
21,2,2,2,3,0,2,205,217,220,642,1,1
9,0,1,3,3,1,2,503,320,300,1123,3,0
16,2,2,2,3,0,2,202,210,295,707,1,1
28,0,1,3,3,0,2,535,391,240,1166,3,0
39,2,2,2,3,0,2,240,234,200,674,1,1
29,3,2,3,3,1,2,329,351,320,1000,3,0
6,2,2,3,3,1,2,240,326,305,871,2,1
8,0,1,3,3,1,2,500,300,300,1100,3,0
39,0,1,2,3,0,2,515,278,205,998,3,0
39,0,1,3,3,1,2,515,338,320,1173,3,0
16,0,1,3,3,1,2,510,300,300,1110,3,0
29,3,2,3,3,1,2,345,300,305,950,3,0
16,2,2,2,3,1,2,285,280,300,865,2,1
41,0,1,2,3,1,2,508,231,300,1039,3,0
28,0,1,3,3,0,2,510,303,275,1088,3,0
20,2,2,2,3,0,2,220,228,210,658,1,1
18,3,2,2,3,0,2,300,299,235,834,2,1
21,2,2,2,3,0,2,210,200,205,615,1,1
30,2,2,3,3,1,2,275,332,315,922,3,0
6,2,2,2,3,1,2,220,202,300,722,1,1
41,3,2,2,3,1,2,390,298,308,996,3,0
35,2,2,2,3,0,2,260,263,236,759,2,1
31,0,1,3,3,1,2,535,364,300,1199,3,0
3,2,2,2,3,0,2,215,208,200,623,1,1
37,0,1,3,3,1,2,560,318,300,1178,3,0
35,2,2,2,3,1,2,205,242,300,747,1,1
2,2,2,2,3,0,2,200,200,200,600,1,1
18,2,2,2,3,0,2,215,205,200,620,1,1
24,2,2,2,3,1,2,215,240,300,755,2,1
30,2,2,2,3,0,2,233,244,220,697,1,1
28,4,1,3,3,0,2,420,303,210,933,3,0
20,2,2,3,3,0,2,219,308,236,763,2,1
19,0,1,3,3,1,2,520,302,305,1127,3,0
39,2,2,2,3,1,2,221,225,305,751,2,1
6,2,2,2,3,1,2,210,207,330,747,1,1
6,3,2,3,3,1,2,360,325,320,1005,3,0
39,0,1,3,3,1,2,505,301,300,1106,3,0
13,2,2,2,3,0,2,200,260,230,690,1,1
12,0,1,3,3,0,2,589,390,277,1256,0,0
6,0,1,3,3,1,2,510,302,315,1127,3,0
24,2,2,2,3,1,2,215,233,300,748,1,1
4,2,2,2,3,0,2,210,215,215,640,1,1
28,2,2,2,3,0,2,225,282,210,717,1,1
16,4,1,3,3,1,2,451,300,330,1081,3,0
26,2,2,3,3,0,2,220,300,248,768,2,1
6,3,2,3,3,0,2,353,321,294,968,3,0
4,3,2,3,3,0,2,351,300,235,886,2,1
38,0,1,3,3,1,2,535,325,335,1195,3,0
33,2,2,2,3,0,2,205,257,230,692,1,1
30,2,2,2,3,0,2,205,202,200,607,1,1
39,3,2,3,3,0,2,346,325,260,931,3,0
38,3,2,3,3,0,2,377,309,255,941,3,0
11,3,2,2,3,0,2,370,228,210,808,2,1
6,2,2,2,3,1,2,255,214,300,769,2,1
9,4,1,2,3,1,2,408,206,300,914,3,0
39,0,1,3,3,0,2,505,307,245,1057,3,0
35,2,2,2,3,0,2,240,206,240,686,1,1
44,3,2,2,3,0,2,367,297,235,899,2,1
1,2,2,3,3,0,2,200,321,200,721,1,1
39,0,1,3,3,1,2,570,326,310,1206,0,0
33,2,2,2,3,0,2,215,230,200,645,1,1
7,2,2,2,3,1,2,200,258,300,758,2,1
4,2,2,2,3,0,2,250,207,233,690,1,1
18,2,2,3,3,0,2,260,350,267,877,2,1
43,2,2,2,3,0,2,230,201,210,641,1,1
6,0,1,3,3,1,2,535,322,325,1182,3,0
11,0,1,3,3,1,2,505,337,300,1142,3,0
28,2,2,3,3,0,2,200,323,240,763,2,1
41,2,2,2,3,0,2,200,211,210,621,1,1
6,2,2,2,3,1,2,225,212,300,737,1,1
33,2,2,2,3,0,2,225,243,205,673,1,1
13,2,2,2,3,1,2,225,207,300,732,1,1
18,2,2,2,3,0,2,230,202,200,632,1,1
26,2,2,2,3,1,2,250,221,300,771,2,1
4,2,2,3,3,0,2,255,321,233,809,2,1
4,2,2,2,3,1,2,245,275,300,820,2,1
20,0,1,3,3,1,2,545,324,320,1189,3,0
7,2,2,2,3,1,2,245,205,300,750,2,1
6,4,1,3,3,1,2,485,300,310,1095,3,0
31,0,1,3,3,1,2,500,301,300,1101,3,0
4,2,2,3,3,0,2,205,302,210,717,1,1
13,2,2,2,3,0,2,222,221,208,651,1,1
10,0,1,4,1,1,2,525,400,300,1225,0,0
4,2,2,3,3,0,2,271,328,250,849,2,1
6,3,2,2,3,0,2,320,221,285,826,2,1
20,2,2,2,3,0,2,278,297,220,795,2,1
16,2,2,2,3,0,2,200,200,200,600,1,1
20,2,2,2,3,0,2,215,233,205,653,1,1
38,0,1,2,3,1,2,575,285,305,1165,3,0
25,2,2,2,3,0,2,233,224,200,657,1,1
17,2,2,2,3,0,2,200,200,260,660,1,1
20,2,2,3,3,0,2,245,306,200,751,2,1
4,0,1,3,3,1,2,565,328,315,1208,0,0
28,0,1,2,3,1,2,500,260,300,1060,3,0
19,0,1,3,3,0,2,500,302,220,1022,3,0
18,4,1,3,3,1,2,473,321,310,1104,3,0
16,2,2,3,3,1,2,299,305,315,919,3,0
6,2,2,2,3,0,2,200,215,215,630,1,1
20,2,2,2,3,1,2,200,224,300,724,1,1
36,2,2,2,3,0,2,225,227,215,667,1,1
7,2,2,2,3,0,2,245,203,265,713,1,1
15,3,2,2,3,0,2,365,297,250,912,3,0
13,3,2,3,3,1,2,340,346,305,991,3,0
38,0,1,3,3,1,2,505,304,300,1109,3,0
30,2,2,3,3,0,2,240,302,205,747,1,1
30,2,2,3,3,0,2,260,320,240,820,2,1
7,2,2,2,3,0,2,235,231,250,716,1,1
16,0,1,2,3,0,2,500,240,215,955,3,0
34,2,2,2,3,0,2,275,264,278,817,2,1
37,0,1,3,3,1,2,532,311,303,1146,3,0
31,4,1,2,3,1,2,400,240,300,940,3,0
31,2,2,2,3,0,2,238,231,200,669,1,1
17,4,1,2,3,1,2,438,265,315,1018,3,0
39,2,2,2,3,0,2,285,245,240,770,2,1
6,2,2,2,3,1,2,233,259,300,792,2,1
6,2,2,2,3,0,2,210,251,290,751,2,1
36,3,2,3,3,1,2,335,300,300,935,3,0
16,2,2,2,3,0,2,217,200,200,617,1,1
20,2,2,2,3,0,2,205,201,210,616,1,1
11,3,2,3,3,1,2,340,310,365,1015,3,0
36,2,2,2,3,0,2,203,202,225,630,1,1
4,3,2,3,3,1,2,331,322,305,958,3,0
39,2,2,2,3,0,2,205,214,215,634,1,1
31,2,2,2,3,0,2,223,212,200,635,1,1
12,0,1,2,3,1,2,500,233,300,1033,3,0
20,2,2,2,3,0,2,240,236,250,726,1,1
31,0,1,3,3,1,2,505,302,320,1127,3,0
7,2,2,2,3,1,2,205,257,300,762,2,1
18,2,2,2,3,0,2,200,200,220,620,1,1
20,4,1,3,3,0,2,441,300,270,1011,3,0
30,3,2,3,3,1,2,330,300,300,930,3,0
18,2,2,2,3,0,2,215,203,203,621,1,1
24,0,1,3,3,1,2,500,322,315,1137,3,0
24,0,1,3,3,1,2,540,329,340,1209,0,0
29,2,2,2,3,0,2,242,204,200,646,1,1
12,2,2,2,3,0,2,200,200,200,600,1,1
16,0,1,2,3,0,2,510,209,210,929,3,0
22,2,2,2,3,0,2,235,209,205,649,1,1
35,1,0,4,1,1,2,646,404,313,1363,0,0
8,0,1,3,3,1,2,535,305,300,1140,3,0
13,2,2,2,3,0,2,245,272,230,747,1,1
31,2,2,2,3,0,2,215,200,200,615,1,1
24,2,2,2,3,1,2,205,260,300,765,2,1
44,0,1,3,3,1,2,585,348,310,1243,0,0
39,0,1,3,3,1,2,549,321,330,1200,0,0
20,4,1,3,3,1,2,448,303,305,1056,3,0
17,0,1,2,3,0,2,511,225,215,951,3,0
22,3,2,2,3,0,2,305,288,250,843,2,1
28,4,1,3,3,1,2,489,349,300,1138,3,0
35,0,1,3,3,1,2,500,300,300,1100,3,0
39,4,1,3,3,1,2,480,329,320,1129,3,0
17,3,2,2,3,0,2,307,257,255,819,2,1
0,2,2,2,3,0,2,225,203,205,633,1,1
